-TGTTTGCAGTCAGCTGCTGT,0.001
-TGACTTAGCCTTATGGCTGG,0.518
+CATCAGTGGAACTGTCTGTA,0.193
-GCAAATCACGACTTGAAGAT,0.989
+CCTACCTTATCCTGTCAGCG,0.094
+GAGCCGGATAATATCCTGAG,0.972
+GTCGGCATTGCAAGACGTCG,0.201
+AAAATCAACGGGGTGCGAGG,0.846
-TAATCGATAGCTGCTAAACG,0.565
+TAGGATACCTCGCCGTAACC,0.812
-CGGTAGAACAGCACGCCTGT,0.424
+ATTGTGTGAGACTACCCTCC,0.174
-CAATTCAAAGTTCATCTTGC,0.642
+TGTTCTCATATTACCATCTG,0.927
-TACGCATACCACGATACTCC,0.298
+CTGCGAATGTCTCCTAAGCT,0.097
-ATTCATTGCTTGGTGCGGTC,0.061
-AACTCTACAAGACCCCTGAT,0.522
+CATCTGATTGACATGTCAAA,1.0
+CCCCGCGCGTGCTAGCAGAT,0.924
-CAGATCTGGGAGCACCATAG,0.283
-CAGTTCGACCAAGGAGAATA,0.218
-CGAAAAAGTCGAAAGCGTCC,0.724
+ATTTAATACTATCGAATCCG,0.171
-CCCCGATGGTTCTTATGGTG,0.055
-CACTGTCAGGCCCCTTGAAT,0.387
+GCGGGTAAGACATATCGAGA,0.806
+TCGCGCCAACGCCCGTGCAT,0.604
-TAGATATGGAGGCTGACCCG,0.303
+CGTGTGGAGTGACCTTACGT,0.098
-CGTACCTTGGCAGGTTTTTG,0.929
+TCGTTATTGTTATCACTCGC,0.245
-GTCGGGAGTCAAACCTCGCA,0.162
-AGGACGCAACGTCGAACTTA,0.81
+TCCCTGGTGCACGTGCAATA,0.554
-GCAACGGGTACACTTTTTCA,0.93
+CGGACGATAGCCGACAAGCC,0.831
-TTTTATAGTAAACTGCGCCC,0.656
-ACGTTGTACCTGATCATCTT,0.99
+GCTATTATCGGAGTTGTGCT,0.327
+CATTCTAGCATCTCTTCTAC,0.845
+TTCTTATCGACTATGCCTCC,0.559
-GATTTCCCTCCGGCGTATTA,0.821
+CCATGCAGAAACTAACGGAG,0.578
+TTCGCCTCTAGGCCAATACT,0.776
-TCAAGTCCAGGATAGCCTTG,0.2
+ACACTATGTCGCTGTCATTC,0.938
+CGAGGAGTGTGCGGCTGAGG,0.014
+CCTACCCGGACGCGAAATAT,0.626
-TCGACAACCTATGGAAGGCT,0.037
+CTACAACGCGAGGAGTCGCT,0.332
+GCCTCGGACGTTACACAGCA,0.242
+CTGTACAACCCCCTCCCCCA,0.035
-GTGCATAGACTTTATTGCGG,0.481
+CAAACTGACGTAGGTTGCGT,0.739
+CCATCATGATCCTCGATTAA,0.614
+CAATGAACAAGAATCGTTCA,0.158
+CCCCACCGATCCCGTCCGGC,0.435
+TAAAAATGTTCACGGAAGAG,0.994
+ATAAGGTGATATCCTATGTT,0.54
-ATCTCGCTGCTGGCGGCTTA,0.053
-ATCATGAAGTGTGGCCTTGG,0.12
-AGTGTTGTGACCGATCAAAT,0.481
-GTACATATTTGGATTGATAT,0.092
+CCGGGCCAACTTCCGCCCAG,0.933
-GGGGTACTTGTGTACCTGAT,0.531
-ACAGACAGTACGAATCACCC,0.27
-GTGGCGACCCCCCCAGGTTA,0.92
-CAACCCAGTAAAACGAATCC,0.195
-ATCCAGAGCGAGGCACTGAA,0.471
+CCATTTTGAGCTCTACTGGA,0.435
+TACTACGAGGCGAGACGCCA,0.582
+AGTTTGGCCGCAACGAGGAC,0.013
-GGAAGGCTGACGACAAACTT,0.6
+TAATCCCAGTGTGGTAACAG,0.427
-AGCCGCGCAGGCACGTGTGA,0.321
+CTTTATCTGGTCTAATCACG,0.489
-TGCCATATGAACATCCCGGC,0.121
-AACGCGCGTGCACAACGAAT,0.071
+CACACCTCACGCCGTTAACC,0.333
+CCCGTGTAGTACGAAGGGAC,0.448
-GATCACGTGACGATGCTACC,0.363
+CTACAGTCGCAGGATTCGTA,0.856
+TTATGAAAGTCATGGCACAC,0.387
-CGCGTGGTTGTATTAGGCTC,0.589
+AAACAGGTTAAACACCATTT,0.723
+TGGGGAGGCGGGCCAATTTA,0.646
-ACCTGCATGTGGTTTATCCT,0.18
+CCTATCGATCGCTTTCAACA,0.883
-CACCCCTTTTAGAGTTTAGT,0.115
-TCAGGTGATGTACGCACTCA,0.779
+AACACGAAGTCCCGACCAGT,0.04
-TCTGAGTGATAACATCTTCC,0.999
+GAGCCTTGACTCCGTATCAA,0.394
+CAAGACACATCCGTATGAAC,0.224
+GTGACTTAGTACGTGTCGCG,0.175
+CAAAGGACGTCACGGTATCT,0.984
-CGACTTAAAAAGTTTACTGT,0.209
-CTGCAAAATATAGATACCCC,0.285
-AATCGACGAATATCCACGCG,0.621
+TGCGACGTAGGCCTGCTGCA,0.446
+CGGTTCCGGTAATGGGACTG,0.113
-CCCTGCCATGAGATACGGCT,0.668
+CGTATAAAGTGCGTTATGAC,0.188
+TCGGATACCTAGTGGTAGTA,0.728
+TTTTGCCGTCGGGTTATGAT,0.899
-GTAGTAGCAGCTAAAGCGAG,0.532
-GACTTGTTGCCTCAGGAAAT,0.252
+ATATGGATCATTGGCTCCTG,0.138
-TTCTGATTATCACATGGGTG,0.618
+AACACCTAAAGAGAAATAGC,0.051
+TTCATAGAGACTACAGCCTG,0.09
-TCTATTGACACGAGTGGCGT,0.728
+GTTACGGAGCCAACAGAGCA,0.35
+CTATAGCAGTGCGGCGGTCT,0.321
+TAACAACCTCATCGACTCGC,0.473
+CAGCCGATTTTGTCGAGCTC,0.465
-TGATCGTCGTGCTGGTTTCT,0.681
-CCAGTAAAAGGATCCAAAGT,0.662
+AACGGCTGCATCGACCCCCC,0.246
-AGCGACTCCGGTTACGTCCC,0.202
-CAGCCTCTTCTCTATCGGGA,0.8
-TCAATACGCCACTCCTCTCT,0.782
+TAACTCGAGTACACTGTAGT,0.881
+AATACCAACGAAGAACAGAG,0.382
+GATCATGGGCATGTGTTAGT,0.264
-ATGTCAACCACCCTTACTAA,0.212
-AGCTACTTCTAAAGTTTGTT,0.021
+GGACTTTTTTTAGTTCTGAC,0.22
+GCACCAAACAAACGTTCTTG,0.237
-TAATATTGAATGGTTCCCAC,0.619
+CGCGAACGTCTGCAAAGGCT,0.841
-CCTGCGACACCCTGGTCTAT,0.226
-AATCTATATCATTACCCCCA,0.391
-TCATCAAGATCGGATTTGTA,0.615
+ATGAATTCATGACTTGCAAT,0.463
+CTGGAGTTGTATGGATCAGG,0.747
+TCAGCGACCATTAGGCGCGG,0.024
-GGATCGCGCCTGATGAGTGG,0.322
+GCAGACGATCACTGCTCGGG,0.271
-GGATGCATGGATCAAGCTAG,0.674
+TAAACTGATAATATCCGCCG,0.417
-TCACCAGTCCGTACGACGTT,0.351
-CAGGATCTGCCCTTAGCCAT,0.815
+GTATTGTCGGAAAGTAAAGT,0.014
-TGTACGAGGCAACGAAGGCG,0.096
+ATTATGGGACGTTTTAGCTC,0.72
-CTCAGTATTTGCGATTCTAT,1.0
-ATAGTCGTTGTATCTGTGAT,0.647
+AGTTAGGAATGTGGATTCTG,0.309
+CTGCCACAGGCGTCTCAACC,0.45
-ACTGCGCATTTGATCCTAAA,0.225
-TATAGCAACCACGTAAGGAC,0.003
+GCGCGGCATGTGTACTATCG,0.791
+GACTGTAGGTTTGCGGAGTA,0.964
-GTTTATCAATTTAACGATTA,0.204
+GGCTGGCGTACTGCTAGCTC,0.626
-AAGTGGTTCAGAATTCTGTC,0.712
-ATCCTGGAGCTAACTGAAGT,0.002
-GCTCTTATCTCTCCACATGT,0.104
-GGTGCCTGTGTTCTAACGGA,0.721
+AGCGGGTGAAACACCCGCCC,0.319
-GTCTTCTAGAGTAATAGTCC,0.216
+TGGAGCTAAATGATCTTCGC,0.723
-AGAAGACACGGATCCTTGTA,0.402
+CACAACACGCAGATTTGCCT,0.475
+TTGGCGACGTTTCGCCGTAT,0.297
+GACTACAGCGTTTCCTCCTC,0.397
+CAAAGGAACGGGAATTTCAT,0.927
+TTCGAACCAGGCCAACAATA,0.768
-ATAAACGCCGGGTCTTGGCG,0.011
+CGGTAGAAAGGCGGAGCATG,0.058
+TGTTGTTGGTACTCCGCATG,0.589
-ACCGTTTCAGGGGCCCGATA,0.378
-TCATTCCGGTCGACACGGAA,0.498
-GCGTCAAGCACGCGATCTTA,0.203
+CAGGCAGCTGTTAGGATGCA,0.07
+CCCGTTTGGCCAGACCGTAT,0.947
+TAGGTCGGGGCTGAACAAGC,0.859
-TCCGTGCATCACTAAGTAGT,0.111
-GCTCTATTTATTGTAGACGT,0.992
-AGGGTAGTGAGTCCAATCTC,0.641
-AGAGACAGCGTCGTAGATGT,0.231
-CATTGAACTTGTATCTAGAA,0.244
-AACACCTGGCTGCACACGGT,0.986
+AAATAGAACTTTTTCTTGAC,0.415
-ACCGTCCCCAAGAGTATGCA,0.361
+ACACTCGCGACAAGGTCCAT,0.016
-AATAGGGCCCCTTACGCCGT,0.208
+CACATGTTTGGTCTTTTCTC,0.799
-CTTGTATAAAACTGTTAAAC,0.874
-GCGGATAAATCGCAAATTCG,0.3
+TTCGTCTCATAGTAGATGAG,0.765
-GACCTTTGGTAATACTGCCA,0.644
-TGTATGTTAGCGCACGTATC,0.812
-CCAAGTAGGGCCAGTTTGCC,0.231
+GCAGAGCTAGAAGTGTCGCG,0.637
+TAACAGAGCGACGTCTCTCA,0.504
-GAAGTGCGTGCCTTGAATAC,0.634
-TACCCATTGGGCTAACAAAA,0.235
-TAATTTATCAGACTTTTTAA,0.391
+CGTGGAGATGCACTGTAGCC,0.174
-CATCTTAACTGTACCAGCTA,0.746
+TCCAGTCTTCGTCGTCGTTG,0.116
+AGAGCCTTGCAAGCATTATA,0.118
+CTCCCTCTAAGTTATTCATG,0.072
-ATAATTGCCGACAGGTGCGC,0.576
-AGCGAGGGTGTATATAGAGC,0.819
-TGAGTAGTACTCATACTTGC,0.46
+ATAAGGCCAAAGGGCGCGTT,0.73
+AATCTGTTCGTGCCTAAAAC,0.819
-TAGACGGCGGCTTTTTTAGC,0.939
+CGCCTATAGTGAGCGACGTA,0.502
-TTAGTCAACCAGTAAATCCC,0.065
+ATATATCAAATGTTGCAACT,0.995
-ATGATGCCGACCAGATGCAC,0.014
+CATTGAAACTTAGATCATTT,0.883
+GCGGCGCAAGTCGTAGTCTT,0.993
+GATATTACTAGGATTTTCGG,0.942
+ATACTCATATCTAGTTATGC,0.342
-ATTAACTGGCCATTACCCTG,0.581
+CGTAGTATCAAATCCGTTAG,0.376
+ATGAGAGAACCATGGCCGAA,0.109
-CCGCGAGGCCACGGAGTGGA,0.569
+TAGAACTCCCTAAAGGGGAG,0.756
+TCCACTGTCGCCAATACTGT,0.848
-TTGTTCAGTGACAAGCATAG,0.351
-AGGGGCGCACCAAACAGGTC,0.245
-TGGTCTCCCATGGTTCTCTG,0.842
-ATACCCGGTCATTCGTAGCG,0.346
-CAATTCCACTCCGGGTCGAA,0.252
-TAGCCGCATGCAGCGGCCGT,0.566
+GCGCGGCTTTTAAAGGTTAC,0.437
+GGGACGCGCAGGAGGTATGC,0.48
-AAGCAACGTACGCCCATCTA,0.786
-CTAAATTAACTTCAACGTCG,0.1
-TTAAGATCAACTAGTACTAT,0.931
-CATCCGGGAATCCGTGTCTG,0.522
-ATAATAGATAACATGACTGT,0.929
-TCGCGATCTTTTGCCCGCAT,0.563
+AAGTGATCCTCTCGGTGAGC,0.101
-ACAACCCCCTAGTAGGTATG,0.356
-AGTATTTGCAAAAGTGACTG,0.272
-GCCTTATCCACGTAAAAAAG,0.018
+GTAGTGTTGCTCCAGTAATT,0.6
+CCCAATGTAGGTGCATTAGG,0.585
+GGGACTACTTGACATCTAAA,0.274
+AAGTATATCACATCTTTCTC,0.955
+ACGAGCGTCCGCCCTGTTTC,0.489
+CCATCCATCCACGGAAAACC,0.087
+TTTGCGAATTCCACCGGCCT,0.72
+CCCTCAAACACTCCGTTAAA,0.742
+CAGGACTGGGTATGGTGCAT,0.798
+GGAGGATCAGGCCGTAATTG,0.182
-AGATGCCAAGTTGTGACCCA,0.448
-ATGAATGTCTACGGAGTAAT,0.824
-CCAGGTCATCTAAATGATAC,0.134
+GCAATGTTGGGTGGATCGAT,0.056
+AGGTGTGCCGTCAGACGTCA,0.32
+GGCCAGCTTTGAAACTGACG,0.658
+GGGTCGATTAGATGCCATTT,0.908
-TTATGACCTCATGTCATCCT,0.072
-TTAAGGTGGAATCGGGCAGG,0.334
+ATATGATGACATTCGTAGGC,0.561
+GAAGAAGCGCATCGTAGTAT,0.897
+CATTCACACTCGGCTACTGG,0.069
-ACCGCCCCCCGTGAACGAAG,0.658
+CTGATACGCGAAATAGAGGG,0.806
+GTGGACCAGAATTGTGGGGA,0.54
-TGGGTTTTCTGGTCGGGAGC,0.134
+CTATTTGGCCGCAGACTCGC,0.182
+TGGTTAGCGTTACCAAGACA,0.017
-CCCGTAAGCAGTGAAGCAGT,0.863
+CACGATCCTAATGTTTCGTC,0.357
+AATCCTTTAAACCCACCTCG,0.305
+GCAGTAACTAATTTTACCCA,0.978
-CTGAACTGAGCCTAGCGGAT,0.057
+GCATCTTTAAGATGATATAG,0.047
-GGATAGGAGAATGCCCCATC,0.056
-AAATATATCCTACCATATCG,0.499
-CCTGACAATTGTGTCCTCTT,0.934
+GCCGTTGCAGTAGTGGCTTC,0.282
-TTACGGCTGCTCGAAGTTCG,0.556
+TGAGGATATTTATGAGTACA,0.074
-GATCCCCTCAGGCCGATTCA,0.577
-TGATGTGGCCTTTGGCTACG,0.99
-TTCCCCGCGGCTCCAACTTG,0.38
-CACTAAGTACAGGTAGTATA,0.318
+CACTGCTCTGAAGCTGGAAG,0.917
-TTCCTGCCATAAATATAATA,0.484
-CAAGTGTCGGGACAGACCAA,0.633
+CACAATGTTAAAAGCGCCCA,0.192
-TCGACTCGTCACTGGACTTG,0.548
+AACCTTCGGTTAATACCGTC,0.045
-CCTCTGTTATGGCGTTGAAA,0.588
-GTTGTGAAATAAGTAGGACG,0.616
+ACTACCAGGTGGTGGAGTAC,0.547
+ATTTGCCTTTGCGCGAAAAT,0.725
+CCGGCAAAGCTAAGGATGAG,0.746
-GGCTTGCAGTGCCTCACAAG,0.773
-GGATAGCGTGCGGCAATGTA,0.075
-ATTTCCTTAGTCGCACTTCC,0.247
+GTCATATGGCACTCAACACT,0.795
-AAGAACTCGATCGGAACATG,0.131
+CGATCGGAAAGGTTTTCTCG,0.803
+ATTTGCGATCAACAAGCTAA,0.448
+GCTGCCGTTCTTTTGATGCA,0.197
-GCTGCTCCACACACTTGGGG,0.765
-GACCCCCCCCATTTTGGAAA,0.889
+AGGAGCAGAATGACATCGCT,0.81
+GTGAGAGCCTAGCGGCAGTG,0.766
-CATGGCAGTATTGCTGAGTC,0.331
-TCTCGACTTCCCTTTATAAA,0.566
+ACGAAATCGCTTGGGATTGA,0.798
-CGTCAACCCGGCATTCAGCT,0.039
+ATGTCCGATAAAGCATTTAG,0.735
+TACCCAAACGCACACTCGGC,0.322
+ACTGTTTCCCTCTGAAACTT,0.677
+AAGCACCCTGCACGCGTAGA,0.723
+TGAAGTTTGGGAGATCACTT,0.096
+GTATATCGACGTGCGTCGTA,0.966
+CTGCCGTCGTTGCGTGCTAT,0.444
-AGTCCAACGCGAAACAGCTA,0.638
-TAGTGCGCGTCGCACCTAGG,0.643
-TCGCGCAAGGGGGGCTACCA,0.161
+CGGTTGATTCGATTCTACCC,0.553
+TATAGCTCATTGTTATACCT,0.39
+GGCTAATCATATTACAATCC,0.641
-AGACAAAACTCCAATCCCAC,0.196
-AAGCCAGATTCTACCTGTTA,0.251
+ACCATCTTCCGACCCTATCG,0.103
+AAATGGTGGTATCCAAAGTC,0.113
+TCCTACAAAGCCGATGTCTT,0.346
-TGGATCCGGGTCAGGAATCC,0.503
-CTATCTGTTAGTGAGTGATC,0.993
+GTAATGGATATCATGTTTTA,0.607
-CGAAATCAGGCTCAAAATCC,0.346
-TTAAGTCGCTTAGTCATAAC,0.431
+CATGCTGCCTCTTCAATCAC,0.913
+GGCGTACGTCGCATGCGGGG,0.663
+TAGTCATTATTTTCTTCAAA,0.477
+GAGAGGCACTGAGGGTGGGA,0.691
+AATACTCTGCATCAACGGTT,0.273
-GGCCCAAAGACATCCCTCTG,0.093
-TCCATTCTTAAGGCATCGGT,0.204
-TTGCTTGTGTTAAGCCACCT,0.333
+GGACTATTTACTACTGCGCT,0.327
-TTATTCGTCGAGTATCCTGG,0.682
-CCTTGTGCTAAAAATATCAG,0.289
-TCGCTAGTGGGTGCAGCCGT,0.625
+TCCTTTCTAATAATGGGTAG,0.63
-CATGGAGAGGGAGTTGCGTC,0.893
-AGATCTGAACGTGATCCTAA,0.174
+GCGTAGGACTAATGACGCGA,0.367
-AGAATAGCCCCCTTTACGAT,0.844
+AGCCGATGAATGTACTCGTG,0.344
+AACTATGGTTCCAACCAGCA,0.423
+GGCTAGAGCAGCCTATGTCC,0.143
+CCAACGTCCCCAAAAACCCA,0.553
+CAGGGATTTAACAACTGAGT,0.557
+ATATGAAGCCCAAATAGATC,0.223
+AGCCCGTCCACGCATTGTTA,0.166
+CAAATTTTACGTTGATTCAT,0.605
-TCGACCATAGTTGTTACCGG,0.289
-CAAACGGCATTAATCATCCT,0.413
-GTACCATATGTACCTGTTAT,0.047
+TCCGGGCGCGCCCGCCACGC,0.991
+TCGTCCACTGATCTTGGCGC,0.969
+TGCAGTGGTTTACTTCTTGG,0.34
+CCTTTTCTTAAACATTAGAC,0.191
+CGGAGGTGACAGTCAGATAG,0.978
-ACGACCCACTTTTTCAATGA,0.588
-CCCGTCGGAAACTGATCCAC,0.403
+TGTCGTTATGCTAAGCAGGA,0.897
+ACTTCCGCACACGCGCATGG,0.061
+AGCCGGAAGAAATGTATCTG,0.559
-GAGAAAAGACTAACCCTTAC,0.196
+GTGTTGCGTCTGCGGAGATT,0.493
-GGATATCGCTGGGGCACCAA,0.13
+AGGATGGGTGGCGCGCATCC,0.369
+ATATTCGATCCATCGAAGAA,0.321
+CCTCCAGACTTATTGAAATG,0.125
-CATCCCACACAACGGTTGTA,0.906
-AATTCCATGACTATCCTGCG,0.053
-CTCGTCAGCAACTGCTCGCA,0.436
+CTAGACGCCCCGTCCGGCGG,0.171
-TATACAGTCGTTATATCAAG,0.759
+GTCCCCCGTCAAGACCACAC,0.74
-GACATATAAGATAAGGGGAA,0.083
+CGAGAAGGCACATCGGACGA,0.992
-AGTTAACGAGAGACTGTGCG,0.807
-TGCAATAGACCAGACTGTCG,0.849
+AGCGATATTGCACGTGAACT,0.817
-GTATCCTAAAATAGTAATAT,0.886
+GACATGTGCAGACCGATCTA,0.418
-ACGGTGAGGCCTCGGGAATT,0.821
-TAAGCGATGATAACCAGGTA,0.098
+GACTAACTGGCGGAGCCGAC,0.212
+GGTCCGCGGACGTACAGGCG,0.564
+CGCATGTAACACGCGACGTT,0.831
-ATCACCACACCTATAGCCTA,0.853
+CACTTGCCGACGTATTCACC,0.84
+AAAACCGCCACCCTTTTGCC,0.464
-CTAGTGCACACGCCTATCCT,0.203
+CAGGGTTCCACGATAGACAC,0.521
-TTCAGGGATCTGATTAAATT,0.438
+CCAGAGGGTTGAACGTGGGG,0.293
-GATGACAAGATGACTTCCGC,0.29
-GATTTTGCACGTCTCGACCC,0.607
-TCCGCTTTTCGAAGTGGTAA,0.057
+AGATTACGTGGCACTCTCTG,0.92
-ACTACCAACTTGAAGTTTTT,0.77
+CTCGCGTCCGTAGATTCAAC,0.127
+GTTGATAGCGTTCGAGTACC,0.114
+AAATACACTAGTCTTCGATA,0.42
-AGGTGATTGCCAATCGCGCA,0.128
-ATTGGACAGGCAGCGGGAAA,0.254
-CACGGATTGTGAACCTCGTA,0.867
-CGCCTGGGACCTCACTATAA,0.785
+ACCGTATATCACGGACGCAC,0.721
-GCGTAAACGATTGGGAACGA,0.088
+GTTGGTATAATGATGCCTGT,0.78
+CTCGGCATAGAATAGAAAGT,0.977
-GCGGGCTGTTCCCGAGCTTA,0.752
+TGGCAGTAGGGGTAGGGGTG,0.966
+CTAGAACTCGATGTCGTTCT,0.313
+TAGCGCGAGTGGAGCAGCTA,0.975
+CCACAGCCTTCTTGGGAAAC,0.263
+GAAAGCGGATTCCGTCCGGT,0.466
-TGCGCGCTAGAACGGGGATA,0.978
+AAGCTGTCATTTCGGGTGAG,0.679
-ATAATAGATGTTAAACCTTC,0.037
+CATTTAGCTTAGTATCAGGT,0.522
+TTCAGGGAATTTTGATGAAC,0.858
+GCAGCCGCACCTACGTGGGA,0.431
+CCGAGTTTGGTCACCGATAC,0.68
-TACGGGTTTCGGGTTCTACA,0.149
+GCGTCAAACTTGTCCTAGAC,0.117
-GGGGTCCCCCTCCATCCCAA,0.359
-CGACTTCGCTGAAGGTGAGG,0.671
+CTACGCAACTAATAGAATGA,0.262
+CCTTATTTGCATCTACAGTT,0.696
-AGCACCTTCCCGATTTCGCC,0.649
+TGGCGCTTTCCTAGAACGCG,0.686
+TGCGAATTGACGAGCGGAGT,0.458
+CCATATTGGCTTTTGTGCCA,0.053
-TGTTTCGACGGCGTGTACTT,0.475
-AAACGTTGACAGACCCTTCT,0.191
-CGACCCGGCTTACCAAGCAC,0.773
-CCGATCCGATACGCGTGCGC,0.554
-GTACTCAGCGAATCGAGCCC,0.486
+GGGGCGTCACAATATCTTTC,0.866
-CCTAGTAGTAGTGTGGTCGT,0.097
+ACCGGTGAAGTATGGCAGGC,0.184
-ATCCGAGGCCGCTTTTGGTT,0.396
-TCCGACGTACATTTATGGCG,0.455
+ATGGATAGCTCGTGGGTGAT,0.379
-GCAATCGTAATCATTGTGTT,0.428
-GTCCCTCCACCACAATCTAT,0.797
-GATTGAGTTGACTTTGTAGA,0.241
-TTGGGATAGGCATTTCATAT,0.438
-GCCACGGGGTTCCCGCGCCG,0.008
+ACGGCACTGTGCGCCAGACC,0.97
-ACCTTAAAGCGAGTTTATCA,0.98
-AGCGTTGGCGCAAACGAACT,0.543
-AGAGTCCCCAGCGGATTGAA,0.609
-ACGCATTAGGTGCGCAATGG,0.211
+CTGGAAGCTGTGACCGGGCG,0.549
-ATTGTGGGCTCTCTGGCACC,0.261
-ACTGCACGCACAGCCGTACT,0.278
-GCTTTGGCCCAGCTGCGAAA,0.629
+GAAGACCAATAGGCCATTTC,0.379
-ATAGTTCCCACTTGGCTTAT,0.841
+GCGCACGGCTAGACGAATTT,0.295
+TGTAGGCGACGAATAACAAT,0.107
-CGCTTCACAAGCTGGTAACA,0.828
-CTTATATTGGTATACTGAAT,0.956
+CGGATCGGCTAAAGAGACGC,0.46
+ACACGACACCCAATAGGAGT,0.646
+GCTCACCTGGCCCTTATAAC,0.527
-CACGGGCGCACTGTTCGCAC,0.983
-CGTATTGTCGTTTCTCACAA,0.363
-TTAACGTTACTTCAAGTAAA,0.908
-CCACGACTAGTGTGAATCCA,0.35
-CTCACCTCTGGAGGCAGCAA,0.445
-GTGCCGGCCCTGGAATGAAC,0.999
+TGGCCTACATTGACCTATGA,0.373
-TTGGATACAAATCTTCCGCC,0.284
-GTAGCAAGGACATTGATGAG,0.363
+TAAACTCTAGCTTGAAGGCC,0.358
+TTACCAGCGTTCGCCGTCCC,0.151
-TCACGTTTATCCGCCGCCAT,0.893
+TCCCAATCCGTTGGAACTTT,0.274
-ATCGCTGATAAAGAAACTCT,0.591
-GGGTCGGATTCGCAGACTTT,0.236
-GCGTCTATTAGAACCAACAG,0.263
-AATATCTGCTATAGCCTACC,0.017
-CCAGCCCGAACTGGAACACC,0.533
+TTACGCGTCAGCCCACCAGT,0.424
-TGTTACGTATTAGGAAGAAA,0.892
+CGCCGACTGAAGACCAGTTC,0.082
-GGCTTCAATGGATAACATAG,0.986
+AACCACTTAGATGCCATCTC,0.006
-TTCTCGATTCGTCAGTCACA,0.877
+GGGTCTTGAGATGCGCCTGT,0.227
+GTAAGTAGTCATTGAGTAGT,0.454
+CCGGTCTGCAGATAGGATGT,0.622
+ACACGCGCCTTCTCTTATCT,0.004
+TGGGGTTGATTCTAAAGATA,0.233
+TGCCCCTTCGATACGCACCC,0.007
-CGCCGCCGGAATTTTTCAAT,0.274
-GGAGAGGAGACTCCTTGCGG,0.268
-GGGACGGTGTAGAAAACCGG,0.038
-TATCATCTCATAATCTATCG,0.008
-ATATCGGAAACTAGGGAAGC,0.773
-CGTATGTGCGTACTATAGTA,0.957
+AACGCCGGTGACCAAACCCC,0.133
+GGGGACGCAAAAAGGGTTCC,0.678
+AGAGGGTTAGGAAGTATAAA,0.257
+TGTCAAGATAATACAAAAGA,0.163
-GGAGCCGAGTCCGTCTGTAC,0.277
-GGGTAGGAGGAGTGGCTGGG,0.878
-GCAGGGAGTGCAAACAAAAT,0.98
+GTTATGCCAGGCGCTGGTCA,0.418
-GAGGAGCGCCGGACAGAACC,0.025
-CCAACCTGTCCCGACGAATA,0.983
-GGAAACATTGTAAGCATCGT,0.197
+ACACAGTTGAAGACCTCGGC,0.488
+TTCCCATAAACCCCTTTTAG,0.98
+AGCATGTACGCGTCCATTTG,0.514
+AGTTTAGCGTCGTTCGGGGT,0.556
-TGCATAATGCCCCTCGGGGT,0.596
+TCCTACTCGTTTTCATTTGC,0.067
+TCTCCTTACCGTTCACTCTC,0.263
-GGACCGCTACCTGAGCACAC,0.778
+CGGCGTTTGCGCGTTCTTGC,0.906
-GTAAACAGTGGCTGGAATCG,0.909
+CGCTAGCTCAAGTTCGAGGA,0.404
-GTCGTGCTGCGAGCGTACGA,0.558
+GCTCGTACCTTAATGCCTTT,0.793
+GTATCTAATGCGGAGAGTTC,0.598
-CTCGAAATGAGATCGATAGT,0.537
+ATCTTACCCCGGCAAAACCG,0.134
+CTGTTGGTGACCGAGAATTG,0.646
+TCTATTCATGAGCCAACGAA,0.681
+TTCATGCTATTTCTCCCCTA,0.083
+TTAGTAAGATGGCCGTGTAG,0.654
-ATTCTGCCCCAGAGTGTAGA,0.509
+CGCTGGGTTACGTTTATGCA,0.613
+TCGATGACCCCGATTCATCG,0.901
+CTTCCGCTTACTCAAGCTCT,0.39
+CCGAGTATTACTTACTCGGG,0.24
-ATCGTGAGAAGAAACCAGTG,0.954
-AAACTATCCTGTTCTGCGTA,0.018
+GCTACATCTGACACTTAGAC,0.817
+CCGATTCTAACCCGTCGACT,0.159
+AAACAAGAGGGTCATTAACG,0.809
-AGTGTTCACGAAAAGGTCTC,0.858
+TGGCTGCGCCGCCGGTAACC,0.354
-CACCCGAATACACGCTATGC,0.407
-GATGCATGCGTAGCCATCGG,0.152
-ATCTACGCTCTAGGGTGGTC,0.471
-TCGAGTGTTGCATAAGGGTT,0.632
-CTGTCTAAAGCAGTGGAGAT,0.48
+CCATGTAGGTAACGAACCTG,0.646
-TAATGCATGCGAGGCAGCAT,0.363
-GCACGAGGGAGTTCGGGAAA,0.977
-TTCCATCTGGAGATCGAAAA,0.423
+TAAGACTACGAGATAACAGT,0.18
-TACGCGACGCGAACGTATGT,0.351
-AGCCTTCAGTCGCACACGGC,0.158
+ATCCTAGGTGTATCTCCTGT,0.37
+AATAGATTCTGATCTCGGAA,0.005
-CCGAATGTAGGACCTTCATG,0.111
-CTCCGTGAACCAGCGACTTT,0.534
-TCGGCGACTAATTCAATAAT,0.313
-GACCTGTTTGTAAGCTTGGA,0.104
-ACAAGTCCCTGGATAGCTAA,0.734
-TGTTTCCTTTGTGTGAAACC,0.537
-TAGACCTATGTAGTTGGCTT,0.828
-CAGATGCAGACGTACTGATG,0.929
-TACCCTGTTATCACCGTTAA,0.902
+TGTAACAGGTCTTGGCGATA,0.513
-TGCATCCTAGAGGTGAGAGG,0.202
+TTATTGTAGTCTAGCTTGAA,0.489
+GCCATGTATATGCCGTTCTG,0.535
-CCGTGGAGAGTAATAGAGGG,0.495
+ACTATATGTCCACCCACTTG,0.235
+AAGTGATGCCCTTCACACCC,0.503
-GCGAGCGGCGAGAGTTCCCC,0.409
-TAAAAGGTCAGGCTGAGGTG,0.823
+GTAATTTATCCATCAATCGC,0.012
+GGTGAGATTATAACAATAGT,0.788
+TAATTATCGCTTATGTAGGC,0.652
-GAAACCTTGACTAGTAATCC,0.611
-CACGACTTCCGAAGTAATTT,0.63
-AGAAACGTTGCACAAAAAAA,0.675
-GTTTGAGCGGAGCCCAGATA,0.089
-AAGTTTAGTGGGTCGGTGAT,0.599
+ACATCGTGTGCTCATGGGAT,0.641
+TAACTCGCCGTTGATCCAGA,0.619
+CCCGCCTATAAACATCCGGA,0.029
-TTTCGCGAGGGTGTGCTCCC,0.215
-CTGTAATGGAATCCCAAGAG,0.313
+AGCAGGTTGACTCTACGTTT,0.355
+ATTCGCCCCCAGATCAATTA,0.478
+TACCCTCACGTATGGTGACA,0.028
+CACAGTAACAGGCCCATAAG,0.895
+ATTGTCGTCTTTATTTCCTC,0.304
-GGCCGCGCATGAATTGTAGG,0.918
-CGGTGCCTGTCTGAGCTTCA,0.6
+GCCGGGGTGGTCTGTGCTGA,0.781
-CTGCTAGCCAGCAAGTAAAC,0.284
+ACACATCCCCGCGCGCCCTT,0.528
-CACTGCCGACACCACGGATA,0.176
+CAAGCGTCGAAATTTCTCAA,0.658
+GATGCAATAGTCCTTGCAGT,0.362
-CTCAGTCGCGGGCGCTATCC,0.523
-TTGGTAGCAATACGAGTCGT,0.964
+AGAACAATTACGTATTCATT,0.65
+ACTTCTCTCATCAGGCTCTG,0.489
+TTGATATCTTTTCGCTTAAA,0.2
-ACTGTAACTTATAGGCAATA,0.112
-ACTTAAAGTTGCGCCGACAC,0.965
-TCTAGGGTATACGATCTTAG,0.405
-AATCAGGGGACAACTCCTGC,0.683
-GCTCGGCTCACTATGCCTCT,0.568
+CTGTCGTTTGTTAGTCCCAG,0.177
+GCTTAACTAGTTCACCTCGG,0.337
-ATACTTAAGAACTCATTTTT,0.31
+GCGAGAGTTGCAGCATTACC,0.526
-AGAATCGCAGATCCGCTGTT,0.087
-TATACCATTCTTAGCCCCCT,0.015
+CAATGCCCTTCCACCTCTTG,0.981
+GAAAGATAGGAACATAACAT,0.454
+AACGTAGTCGCGTAAAGGGA,0.9
+AGCATATCGTGAGCTGTGAT,0.778
-TACGTAGCATACGTCCTACA,0.772
-TTGTGAACACCCTGCGTGGT,0.537
-AAATGCTATAGTCGCTTGTC,0.292
+GCTCCTGGCGAGGAACCGTT,0.419
+TGTATAGGCATGTTTCGCTC,0.614
-CATCTTGGATGGATGCCCCC,0.471
+GTCGAGATGGCATAGAAGCA,0.334
+TCGAAGAACGAGATCCGGGG,0.386
-CTTGGCTTGCTAAAAGCTTA,0.792
+TGGCGCAATGTATGCCACCG,0.449
-TTGTCAATTTGCTAAGGTAA,0.049
+ATGAGACACTCTAATACAGC,0.445
+CAAATTAAAAACCACACTAC,0.173
+GAGCTTAACGATGACCCCTG,0.333
-CATAGCGTTCCTCGTTCGGT,0.226
+CATGCTCGGCCGTCGCTGCC,0.882
+GCATCATCAACGTTAGACAG,0.875
+CTGGACAAAGCGCCGGGTTG,0.529
-CATGCAATACTACAGATTAG,0.122
+AATACTATAATTGCCCGTTC,0.076
-TTGGTTCTCCGAGAGGACTC,0.022
-CCTGAATTTCGTCAAGTCTA,0.425
+GCGAATTTCTTCACGTTCGC,0.489
-TGTGGCAGCCACCACGTCCA,0.727
+CCTCCGCAGGTGGCTGGCCG,0.981
+TCGTAATAGTACCGGCACTC,0.516
-AAGTCCACCCGATGAGACAA,0.184
+GAGTCTGCACAGGGCGGATC,0.618
-TCCGGTAACGCAGAAGTTCG,0.526
+CACCCTGCGTTCGATTGTTG,0.444
-GCGATCTGTCTCGGCTCCTA,0.067
-GATAAATGATCGAGTCTTCA,0.727
+ATCTCTCTGGTTACTGTCAC,0.745
+GTGGGCCTTAGATGACAGAA,0.211
-AAGGGAGGGTAATAGCCCAC,0.25
+TTAACGTGTACGGGCGTTGT,0.774
+AGGTTCTTCGTATCTGGGCG,0.196
-ACTCTGTCGTGCCGATCTCT,0.068
+GGACGGCAGCATTGGGATCC,0.018
-ACACGATACACGTAGTGAAG,0.585
-AAGTTTGCGACAGAGGAATC,0.979
+GGAATCTTCTTGGGTGGAGC,0.185
-GCGTTAAATAACACGTGTGG,0.135
+CTTTCAAGTGAGCGAGCTAG,0.977
+CTGAAGTTCACCAGTAACAA,0.47
+TACAATTCGGGCTGGTAAAG,0.256
+CTAAAGTTGAGACGGCGGCG,0.074
-ACGACAGTGACATTGACATG,0.071
+GGTGTGGGTAGCTGTATGGA,0.588
+CCTCGGCTGCTAAGCTGCGA,0.761
+ACGGACCGCCACAACACACA,0.747
-CGAGCATATCGGGACGAGAC,0.185
-ATGCGTGTCTTCTGGCGATT,0.999
+TTATATCTCGTCATATAGCT,0.139
+CCACGCCAGAAAACGAGACT,0.905
-CATAAGCTCTTGAGACCCTG,0.459
-AGGGTTCCCGAGGTATGCAT,0.925
-ATTGTATCGGTTGTCCCGCA,0.826
+CCTGCGGAACCCATGACCCC,0.087
+ACCTCTCGCCGCGTCTCTGC,0.409
+GATGCCAACGAAAGCACCGT,0.406
-CTTACGGCAGAATACGCTCC,0.271
+ATTGATACGGTGCGTCCACA,0.096
+TTAACTGACATGAAAGACGT,0.868
+TGTACCATGTCGATGTATTT,0.71
+CTGCAGATTGACGGGCTCCG,0.163
-GTAGCCGCGAGCGTATTGTC,0.364
+ATCCCGTCGTGGCTGACTCT,0.014
+ACGATCCTGAACTGCATAAC,0.809
-AGATGCAATCCATACGGTTG,0.681
-AGTTTTGCATGGTATGCCCC,0.257
-GTGCTAAGGGATTCACCAAG,0.816
-ACGCACCGTACCCTAAGACA,0.929
-TAGCATGCCTGGCAGTTATG,0.932
+TTCCTCGACACTGGCAGAGG,0.414
-TGGGGTGGTTTCAGTCTGGG,0.04
+ATGCATAGTCTTGTTGACGC,0.743
+TAATAGGCGTCTCGGCCAAC,0.049
+CATTTTATGACACAAGTAGG,0.595
+TGGTATGGTCGGATGCATAT,0.86
+CGCCCGACTATAAACATCCT,0.644
+CTATATTCATATCTATATGT,0.3
-CCGGGGATGCCGAAAGTCAA,0.8
+GCTCATGAGATATACACCAG,0.867
+GCTTGGAATTCATATTACCT,0.976
-TTTGAATCACGACGTGTCGA,0.825
-GTTAAAATGTGACCGCGAAT,0.523
+GTCGGTCATCATCAGATCAG,0.729
+GGTTAATCCCTGACTCTAGT,0.865
+TCCCTCTTGCGAGGAGCCTA,0.527
+TAAAACCCTAGTCGAGCACA,0.541
+GGGTGGCATTATGAAACATT,0.008
+CAATATTGTGATACAAGGAC,0.019
-GTAAATCGGCGTCCGCCTAA,0.314
-GACCGTACATTACAGGCGGC,0.129
-ATTTAGTGATTAATCACGAG,0.287
+TGGGCTGACGTAGCATGCGT,0.548
+TTTCCGGATGAGACTGTAGG,0.448
-AGTTAGTATTCGTCAAAAGG,0.438
+CTGAACTTAGGAACGATTGA,0.886
-TGAATATCTCCCGTTGTCTA,0.741
+CCTCGACAACGCCTTCATAG,0.962
+CAAGGACTATGATCAATCTC,0.442
+CGATGGTATATGCAAAGTAC,0.893
+GCTTTGTAGCCAATTAAGGC,0.469
-TGATAGATGCTTCGCCCCGT,0.875
-GCACCCCGATGTCCCTAATC,0.205
-TTAGTAGCCACGCGTACGAA,0.746
-ATACGAGCGTACCTCGATCA,0.944
-GTTCGTAAACCCTAGAGTCC,0.624
+TGTGCCGCGGAAGGACGCAA,0.318
+GCGCGATAGCTAGGATTGCT,0.894
+ATCCTGAGATTCTCGTAGAA,0.95
-ACCGATAGGGGACGTGTAGA,0.105
-GGTTTAAGCAAAGACTCAAG,0.496
+ATTGTAGTACGAGTCGGCGT,0.868
-AGGCTACGTGTGAAGAGCGA,0.387
-GTAGGGCGTGCGCCTGTTAG,0.452
-CCGGCAACGCATGTGAAATA,0.235
+GACTCCTGTGCCGGGTGACT,0.723
+GTCGTGACTGACGGAGGCGC,0.37
+CCGCCCATTCGAAACATCTA,0.941
-CCTCGTCATCCTCTGACGTG,0.583
+CCTGACGATACTAAATCCAG,0.104
+ACGGCGATGGCGACTGCCCT,0.497
+GGTGTAAGCCATGTTTCGCA,0.278
-GAGGGGAGCAATGAGGACCC,0.187
-CTTGCCTACGGCATAGGCTA,0.21
+CTGCGATCCGTCCAGTTAGG,0.381
+TGCCCTCCGCTCGAGATATT,0.864
-TTCGACCGGTTGCTTGTTAC,0.659
+GATTGCGAACGGAATGAGAA,0.736
+TAATCCCGAGCTTCTACTCT,0.086
-TGGGAAAGAGCTTCGATGGA,0.766
-GTAGCCCAATAATGGTTGGG,0.076
-TGCGCGCGTCGCGCAGTTCG,0.639
+GTCCAAACTCTTACCCGGGC,0.286
+GGCTAGCACACGCGCTCCCC,0.297
-ATGCTGATAGCATGCGGTCG,0.885
-CCCCCCGGCTTGCGGATTCG,0.571
+TAATGTCAACGAGGGTGTTG,0.521
+CCGACAAGATTGGAGTGCGG,0.792
-TATGGCTCTCAATCGCCGCG,0.664
+ACGCTACTCAAGCGCATCCG,0.753
+GTGACCACAAAGCAAGCGGT,0.799
-CGTTCGTTGCCCAGACTCCA,0.281
+CAGCTTTCTAAATGAACCCC,0.968
+GTACCTACTGTGCGAAACGT,0.213
+AATATAAATTGCGTTCCTGC,0.715
-CAGGGCCCGGTGGCGATTTT,0.291
+GCCAAGCTGGAGCGCCCATA,0.491
-CGTTCTAAGGGTCGGCGCCA,0.581
-TGTTGATACTCATCCCAAAC,0.338
-GCTCAGACTAGTATAAGGGG,0.842
-ACCGGTACCGATGTCCTGAA,0.199
-TCCATCTACACCTCCCAGAG,0.451
-CACGGTTTAGGCCCGGTATT,0.944
+ACCGGAAGCGCAGCTAGTCC,0.376
+CCGTAAGTAGTTCGAGCGAA,0.617
+GGAAATCCCTATTCTCCCTG,0.585
-GAGCACCAGACGCATGTTAG,0.911
+GTCCGATCACAGGCTCCCCC,0.389
-CCCCTCCTGTCCTCCGAACG,0.736
+CTTACGACCTGCGCCGTACG,0.874
-AAGAGAAGAGGTAGGGACGT,0.325
+AACTCTATCCCTCGCCATTC,0.433
+GGCGGATACAGCATTAGACA,0.297
-GTAATAAGTAGAATATTCAA,0.127
-TCAAGGTCTAAATGACACGC,0.821
+AAGTACGGACGTTGGTCCCG,0.092
+TGCGAGTGGCGCTTAGGTCG,0.871
-ACTTGTCTCCTTGTTTAAGC,0.667
-ATCGCTAATCAGTTTGGGCT,0.168
-GATTTGCTCCGAATGCCGAG,0.927
+GCAGTATAGTGCAGCCGTCA,0.551
+ATTCCGTCCCTGTTCCCAAC,0.545
+ATGCCTGGGCAGACGCGACA,0.533
-CTTTAACGGACATGCGCGGC,0.684
+GGGGTCAATCTAGGAGGTTC,0.659
-ACAAGCCTGTCATGTCTCAC,0.153
+CGCCGACCCGGGCTTTCGTA,0.13
-TGCGCCCGGGTTTCTCCAGG,0.393
-TAAAGCAATGCCAGGTTAAT,0.162
-CCGTCAGGAAAGAATGGTGT,0.038
+TCTCCTTATAGTGTGATTTA,0.798
+CCCGTAACTTCCTCGAAGGG,0.55
-AACGATAGAGTCGGTGTCAC,0.73
-AATGTGTCTCTAGCTTCGTT,0.775
-ATACCTGTAAAGGCAAAAGG,0.908
-AGATAATTCATGGGTTGACG,0.175
-TTTTGCGTGCCAAAATCCCT,0.2
+CGGATTTGATCGGGATCCTC,0.198
-CGGGACTAATCTCATTGCTG,0.683
+GCGATTGAATGCCAGAGGCA,0.332
-CCCGGGGCTTCGCTCCATTA,0.075
-GTTGGTGAACACCATTTTTT,0.728
+CACCGTAGAAATAGCTTATG,0.055
-GCGAACTCTCCGATGGTAAG,0.716
-CTTAGGAGTATACGGGAGAG,0.385
+TACGCGCGAATATTGCGCCT,0.01
-GTCAGATCGGCCGTAAAGGC,0.724
+AGACATGTCGGAATTTCCCA,0.027
+GCTGGGGATCCCCATTGGAC,0.106
-ATCAACTCGGTGACTCCGTG,0.044
-GCCTTGAACGATCGCAAGCA,0.569
-TTCGGGGCCGTGGGTATCCT,0.182
-ACCCACTGACATTGTTTACC,0.024
-GTGGGCATTTCTGTGCGGCC,0.036
-TGATTCATTGCCCATGCCTG,0.402
+TCACACTTGCACGCCACACA,0.56
+GCGGCCTGGTTACGCACAAA,0.132
+ATTGGAAGACCGTCATTCTT,0.83
-CGTCGTCCCGTCTCGTTGTC,0.994
+TTTGCACCTCCTGTTAAAGC,0.019
+GTGGCTCACTCATGGCGCTG,0.828
-ACAGGCATTTAGCTTTTTAC,0.212
-CGCCGCGTTTGTGAGGACTG,0.143
-CAAACAGTTAGGCGACTTTA,0.183
+AGGGACTATGCTAATAGACC,0.387
-GTAACGCCAAGGCATGTAAA,0.694
+GGTAAGCGCTGGGCACGGTG,0.073
-ATCCGGAATAACCTTAGGCA,0.875
-CATCAGACTCATTTTGTGTG,0.478
-TAAAGAGCAGGGTACAGTTC,0.417
-GTGATGGGGACAGGTGGCTC,0.721
+TACTGGCCTTCACTGTCAGA,0.479
-TACATTCAGATCTATAGATT,0.515
+AAATTACGATTCGGGCCCAA,0.081
-CAGCAGTGGCTCTCGTAAGG,0.849
-TGACTATCTTCTTGAAGTCC,0.711
+ACAGTGTGGTCTATGAGTAG,0.927
-CCGCCTTACGTGAGTTTTCC,0.228
-GAGCGATGAACACTCGGGCA,0.751
-GTGATTGTTATCCAATTAGA,0.702
+CTAGTAGGTTATCGAGGATC,0.288
+CAAACGAGTCTTAGGTTGAG,0.076
-ATAATTGAAAACGTTATTTA,0.483
+TCTGTTGGGACACTACCCAG,0.824
-TGGTTGGGCACCACACGCAG,0.321
+AGGCTTGGAATGGCCTGATG,0.717
+GGTCTGGGAATCAGCGCAGT,0.87
+ACCCGCGATGGCACAAAACA,0.929
-TGGAGTGCACATAATTCCTT,0.298
-GCTACATCCTCTCAGATGTG,0.04
+GTTACTGGACCAGGCCCGGC,0.849
+GTAGGTTTAATGCACATTCA,0.183
-AAATGTACCGTTCCGTCACA,0.875
+TAACTATAATTGGGTAGGTC,0.161
-AACAACCCTGCCGGCGTCGC,0.279
+TTGTGTAACACGGTAGCTCG,0.161
-CGTTTTGCGGGAGTTCTGCA,0.141
+TGGGTACCTGTCTTGAACAC,0.534
-ATCGTTCCGAGATGCAGCAA,0.894
-GGAATGAGACACGATAGTCG,0.366
+TGTGTCTCACCCATATTGGT,0.288
-CTCTTCCGACAAGACTAAAG,0.213
-TAACTTGAAAAACGGCGCCT,0.215
-GTTCCTGTGTAATCACGTCT,0.305
+ATTATTCCATCTATTGTTAG,0.412
+ATACCGGAGTTGAATGAAGA,0.597
-GCACCGTTTGGCTTCCATTA,0.161
-TGGGGATTTGCAGGGGAGTG,0.027
-CGACTCGTAAACTGCGAGAC,0.232
-GCTTAATTCTGAATGATTTG,0.299
+GGTCACTACCAGTACATCTG,0.505
-TGCCAACACAATCGCTCTAG,0.713
+AGGATCGCGCCTCTGCGCCA,0.747
+GACATCTAGCGGATTCCTAG,0.534
-CACTTAACCTTTCCCCGAAA,0.152
+TTTGTCAGGCTCAGGCTAAC,0.952
+ATGAAATCTAATTGACGTTG,0.533
-TCGCCGTAGGCCCGCGGGTT,0.714
+AGAGGTGGATCAAGTAGCCT,0.784
-GTAGGTGCGATTCTACTTTA,0.918
+GGGTTTACTAGGGAACAATG,0.008
-ATCACAAAGACATCCCGTGG,0.809
+GTTATGATGTAGTGGGTTCG,0.413
+TCCCCTACGCAAACGGTGCG,0.43
-AGTCAATGTTATTGAAGTTC,0.099
-CTCTACTCCCTTACGCTCGA,0.131
+AGGTGCGCTATTGAGCGTTG,0.151
+AGACCGACGGCGTTGTTGTG,0.692
-CGAGCTTGAACACAATGATG,0.463
+TACCATGAAGAACTGAGTGG,0.735
-ACGGCGTGGCATGGCAAGAT,0.258
+TAACGTGAGCATAAATACGT,0.252
-CATCACCTTTAGAAAATTCG,0.543
+CTACAGAACTAGAATAGCCA,0.212
+GCTTTGAACTGGAGTCACAG,0.163
-ACCATCGACGTGTTCCAATC,0.438
-GTAAAGCGTCGTCTGACTCC,0.493
-AAGGGGACGTCGAAGTTTTT,0.118
+AGTTCGGAAGCACTCGTCGG,0.808
-AACAGTGACAGTGCACGTCC,0.933
-CCGAATCGGGAAAGTCACAG,0.489
+AACGGTCCAGTGCTTCCCAC,0.815
+GCCGGTTCCAGGTCACGTGA,0.956
+CCCACGATCAGCGGGGAGGT,0.637
-TTCCCCCGAAGGCACAGTGG,0.43
-GGCTTTTGAACCAGTGCATC,0.121
-GTACATTACACAGTCTAATC,0.385
+TCTATCCATTGAAATGCCTA,0.868
+GCCTACTGCAATATAGACGC,0.607
-GATTACTCTTGACTCTAACG,0.464
-AACCAGGCCTCTCCTACTTA,0.802
+AACAGGTACGCAGAAATGGA,0.748
-TGTTTAGAGACGTCTGGGAG,0.608
+GCCCGCCCCCAGCGTCTTCA,0.649
+GAAGGGGCTTTCCTGGGGCC,0.482
-CGCTCGCGCGCATGAGTACA,0.073
+GTCGAATGATGTAATAGGAA,0.914
-GAAGGTGAGGGTCTATTATA,0.608
+CTAGCGTGCTACGTAAGAAA,0.137
-AATAGGTTATGTCCCATAAG,0.892
+GTTCGAAGTAGCACCATCCG,0.866
-GCTAACTAAACGTTCCAGCT,0.73
-AACGCTAAGGTGCTTAATCC,0.727
+CAACTATACGTGACTACGAT,0.797
+GTTTAACACCCCTTAATCAC,0.572
+TGACCGTGGATCACGTTCCA,0.208
-TTGCCAAAACCAGCCCGCAT,0.349
+TGCCACCGCACCCCCGTCGA,0.131
+CCTTTAGGAACCGTCTGGAT,0.508
-CTTTTCGGACAACCAACTTG,0.537
+ATAGTAGATCCCAGGTGTTG,0.093
+GACTAATTAAGCGGCGAGGA,0.963
+AATGACCCGAAGCCCCCAGA,0.995
-CCAATCTGGCGAAGTAGTCA,0.064
-GACACACCTCATATGTGCAT,0.051
+ACTCTGGGACCACATAAGAA,0.694
+TTTGTCGTAGGCCACAGGTA,0.699
+ACCGTCGGCACACAATCGGT,0.906
+AAGAGTTCTACACTGGAGGT,0.117
+GACAAAAACTCGGTATCCAT,0.126
+GATAGACTGAGGCCCACTTA,0.763
-ATGCTGCCCGCACTTCGAAT,0.904
+TATAAACGGCTGACAATAGC,0.919
+TATAGATCTGCAGATATGGA,0.748
+CGTCTCGTCATGACGCTCTA,0.78
+CGATGTGACGTTGGATGAAT,0.634
+TGCCCTGCCAGAAAGAAGAC,0.231
-CTGTCGAGCAGCGGAGCGGG,0.916
-AGTGCTCAACCTACCAACTC,0.025
+CCATGTAAAAGTAACAAACG,0.174
+GGCGTACGCAGAAGTCCTTT,0.093
+TCCTGGCAAAGTTAAGCCTA,0.283
-CGTTGCCAACGGTAGTCAAA,0.641
-CAATCTATGTTTTTGAACAA,0.45
+AAGAATCACATCGCGTCATC,0.888
-TAGAAAGATCACACATAAGA,0.333
-TGAGCTAGCCTGGGAGCACT,0.594
-AGTTGGTCGCCAAAGGGGTT,0.076
-CCGCGTCCACGTCTTGCGTA,0.916
+AATGGGGTTCACATCCAGCA,0.861
+AGGCAACGATGGCCACGTTA,0.486
+CGTCTCTAGGGTCTGGTGCC,0.059
+TGGGCTCGTACAGCCCACAA,0.471
-ACGGTTGTAGGAGCAAATCA,0.073
-AAACTGATCTGGCTAGCTGG,0.794
+ATATCAGTGACTCGGGAACA,0.292
+CGCATTATTCCCAAGATCCA,0.079
+AGAAAACATACAAGCCATGT,0.924
+CCTTGAAGCGTGTGATATCT,0.493
